ime,država,kratica,vrednost,sektor,industrija
Apple,ZDA,AAPL,$2.958 T,Tehnologija,Potrošniška elektronika
Microsoft,ZDA,MSFT,$2.537 T,Tehnologija,Programska oprema
Aramco,Savdska Arabija,2222,$2.074 T,Energetika,Nafta in plin
Alphabet,ZDA,GOOG,$1.521 T,Komunikacijske storitve,Internetne vsebine in informacije
Amazon,ZDA,AMZN,$1.321 T,Potrošniške storitve,Internetna maloprodaja
Nvidia,ZDA,NVDA,$1.110 T,Tehnologija,Polprevodniki
Tesla,ZDA,TSLA,$880.80 B,Potrošniške storitve,Avtomobilska industrija
Meta,ZDA,META,$775.33 B,Komunikacijske storitve,Internetne vsebine in informacije
Berkshire Hathaway,ZDA,BRK.B,$749.90 B,Finance,Finančni konglomerat
Visa,ZDA,V,$511.33 B,Finance,Kreditne storitve
TSMC,Tajvan,2330,$480.15 B,Tehnologija,Polprevodniki
LVMH,Francija,MC,$468.40 B,Potrošniške storitve,Luksuzne dobrine
JPMorgan,ZDA,JPM,$430.80 B,Finance,Banke
UnitedHealth Group,ZDA,UNH,$428.70 B,Zdravstvo,Zdravstveno zavarovanje
ExxonMobil,ZDA,XOM,$422.03 B,Energetika,Nafta in plin
Lilly,ZDA,LLY,$417.05 B,Zdravstvo,Zdravila
Walmart,ZDA,WMT,$416.23 B,Osnovne potrebščine,Trgovine s popusti
Johnson & Johnson,ZDA,JNJ,$412.24 B,Zdravstvo,Zdravila
Tencent,Kitajska,0700,$405.81 B,Komunikacijske storitve,Internetne vsebine in informacije
Mastercard,ZDA,MA,$382.39 B,Finance,Kreditne storitve
Broadcom,ZDA,AVGO,$364.01 B,Tehnologija,Polprevodniki
Procter & Gamble,ZDA,PG,$355.53 B,Osnovne potrebščine,Gospodinjski in osebni izdelki
Samsung,Južna Koreja,005930,$355.47 B,Tehnologija,Potrošniška elektronika
Novo Nordisk,Danska,NOVO.B,$329.83 B,Zdravstvo,Biotehnologija
Home Depot,ZDA,HD,$315.35 B,Potrošniške storitve,Oprema za dom
Oracle,ZDA,ORCL,$313.18 B,Tehnologija,Programska oprema
Chevron,ZDA,CVX,$298.44 B,Energetika,Nafta in plin
Kweichow Moutai,Kitajska,600519,$294.91 B,Osnovne potrebščine,Vinarne in destilarne
ASML,Nizozemska,ASML,$278.51 B,Tehnologija,Polprevodniška oprema in materiali
Merck,ZDA,MRK,$275.82 B,Zdravstvo,Zdravila
Coca-Cola,ZDA,KO,$261.90 B,Osnovne potrebščine,Brezalkoholne pijače
PepsiCo,ZDA,PEP,$253.47 B,Osnovne potrebščine,Brezalkoholne pijače
Roche,Švica,ROG,$241.08 B,Zdravstvo,Zdravila
L'Oréal,Francija,OR,$240.50 B,Osnovne potrebščine,Gospodinjski in osebni izdelki
Costco,ZDA,COST,$239.57 B,Osnovne potrebščine,Trgovine s popusti
AbbVie,ZDA,ABBV,$239.18 B,Zdravstvo,Zdravila
Adobe,ZDA,ADBE,$235.16 B,Tehnologija,Programska oprema
Alibaba,Kitajska,9988,$232.15 B,Potrošniške storitve,Internetna maloprodaja
Bank of America,ZDA,BAC,$231.26 B,Finance,Banke
AstraZeneca,Združeno kraljestvo,AZN,$224.80 B,Zdravstvo,Zdravila
ICBC,Kitajska,601398,$219.65 B,Finance,Banke
Hermès,Francija,RMS,$219.60 B,Potrošniške storitve,Luksuzne dobrine
Prosus,Nizozemska,PRX,$215.45 B,Komunikacijske storitve,Internetne vsebine in informacije
Salesforce,ZDA,CRM,$215.42 B,Tehnologija,Programska oprema
McDonald's,ZDA,MCD,$215.20 B,Potrošniške storitve,Restavracije
Cisco,ZDA,CSCO,$209.66 B,Tehnologija,Komunikaciska oprema
Toyota,Japonska,7203,$207.61 B,Potrošniške storitve,Avtomobilska industrija
Pfizer,ZDA,PFE,$205.28 B,Zdravstvo,Zdravila
Novartis,Švica,NOVN,$202.28 B,Zdravstvo,Zdravila
Shell,Združeno kraljestvo,SHEL,$200.59 B,Energetika,Nafta in plin
Thermo Fisher Scientific,ZDA,TMO,$199.03 B,Zdravstvo,Diagnostika in raziskave
Accenture,Irska,ACN,$198.15 B,Tehnologija,Storitve informacijske tehnologije
Netflix,ZDA,NFLX,$195.69 B,Komunikacijske storitve,Zabava
Abbott,ZDA,ABT,$185.81 B,Zdravstvo,Zdravstvene naprave
PetroChina,Kitajska,601857,$185.00 B,Energetika,Nafta in plin
China Mobile,Hong Kong,0941,$180.03 B,Komunikacijske storitve,Telekomunikacijske storitve
Linde,Združeno kraljestvo,LIN,$179.61 B,Osnovni materiali,Specializirane kemikalije
AMD,ZDA,AMD,$179.27 B,Tehnologija,Polprevodniki
Danaher,ZDA,DHR,$175.38 B,Zdravstvo,Diagnostika in raziskave
Comcast,CMCSA,$175.13 B,Comcast Corporation,United States,Communication Services
Nike,NKE,$167.65 B,"Nike, Inc.",United States,Consumer Discretionary
T-Mobile US,TMUS,$167.32 B,"T-Mobile US, Inc.",United States,Communication Services
Agricultural Bank of China,601288,$165.54 B,Agricultural Bank of China Ltd,China,Financials
Disney,DIS,$164.53 B,The Walt Disney Company,United States,Communication Services
Wells Fargo,WFC,$163.20 B,Wells Fargo & Company,United States,Financials
SAP,SAP,$161.41 B,SAP SE,Germany,Technology
Texas Instruments,TXN,$160.56 B,Texas Instruments Incorporated,United States,Technology
Dior,CDI,$159.17 B,Christian Dior SE,France,Consumer Discretionary
UPS,UPS,$156.40 B,"United Parcel Service, Inc.",United States,Industrials
HSBC,HSBA,$156.02 B,HSBC Holdings plc,United Kingdom,Financials
Philip Morris,PM,$154.35 B,Philip Morris International Inc.,United States,Consumer Staples
BHP,BHP,$148.04 B,BHP Group,Australia,Basic Materials
NextEra Energy,NEE,$146.07 B,"NextEra Energy, Inc.",United States,Utilities
Morgan Stanley,MS,$144.55 B,Morgan Stanley,United States,Financials
China Construction Bank,601939,$143.77 B,China Construction Bank Corp,China,Financials
Bank of China,601988,$143.74 B,Bank of China Ltd,China,Financials
RTX Corporation,RTX,$141.92 B,RTX Corporation,United States,Industrials
TotalEnergies,TTE,$140.68 B,TotalEnergies SE,France,Energy
CATL,300750,$138.84 B,Contemporary Amperex Technology Co. Ltd,China,Industrials
Qualcomm,QCOM,$138.60 B,Qualcomm Incorporated,United States,Technology
RBC,RY,$136.81 B,Royal Bank of Canada,Canada,Financials
ConocoPhillips,COP,$136.22 B,ConocoPhillips,United States,Energy
S&P Global Inc,SPGI,$135.97 B,S&P Global Inc.,United States,Financials
Honeywell,HON,$135.80 B,Honeywell International Inc.,United States,Industrials
Intuit,INTU,$134.61 B,Intuit Inc.,United States,Technology
Lowe's,LOW,$134.44 B,"Lowe's Companies, Inc.",United States,Consumer Discretionary
Intel,INTC,$132.85 B,Intel Corporation,United States,Technology
Sanofi,SAN,$132.79 B,Sanofi,France,Healthcare
Verizon,VZ,$132.24 B,Verizon Communications Inc.,United States,Communication Services
Boeing,BA,$131.60 B,The Boeing Company,United States,Industrials
Unilever,ULVR,$131.41 B,Unilever plc,United Kingdom,Consumer Staples
Siemens,SIE,$131.00 B,Siemens AG,Germany,Industrials
Bristol Myers Squibb,BMY,$130.84 B,Bristol-Myers Squibb Company,United States,Healthcare
Caterpillar,CAT,$130.56 B,Caterpillar Inc.,United States,Industrials
American Express,AXP,$129.58 B,American Express Company,United States,Financials
HDFC Bank,HDB,$125.26 B,HDFC Bank Limited,India,Financials
Union Pacific,UNP,$123.47 B,Union Pacific Corporation,United States,Industrials
IBM,IBM,$122.08 B,International Business Machines Corporation,United States,Technology
General Electric,GE,$121.86 B,General Electric Company,United States,Industrials
John Deere,DE,$121.50 B,Deere & Company,United States,Industrials
TD Bank,Kanada,TD,$119.48 B,Finance,Banke
The Blackstone Group Inc,ZDA,BX,$118.32 B,Finance,Upravljanje sredstev
Lockheed Martin,ZDA,LMT,$118.10 B,Industrija,Letalstvo in obramba
"Industria de Diseño Textil, SA",Španija,ITX,$117.83 B,Potrošniške storitve,Trgovina z oblačili
SinoCloud Group Ltd,Hong Kong,5EK,$117.42 B,Tehnologija,Storitve informacijske tehnologije
Medtronic,Irska,MDT,$117.30 B,Zdravstvo,Zdravstvene naprave
Amgen,ZDA,AMGN,$116.83 B,Zdravstvo,Zdravila
Ping An Insurance,Kitajska,601318,$116.70 B,Finance,Zdravstveno zavarovanje
Starbucks,ZDA,SBUX,$116.52 B,Potrošniške storitve,Restavracije
"Intuitive Surgical, Inc",ZDA,ISRG,$116.08 B,Zdravstvo,Medicinski instrumenti in pripomočki
Applied Materials,ZDA,AMAT,$115.52 B,Tehnologija,Polprevodniška oprema in materiali
"ServiceNow, Inc",ZDA,NOW,$114.39 B,Tehnologija,Programska oprema
AIA Group,Hong Kong,1299,$114.13 B,Finance,Zdravstveno zavarovanje
AB InBev,Belgija,ABI,$114.01 B,Osnovne potrebščine,Pijače-pivovarji
Airbus,Nizozemska,AIR,$113.90 B,Industrija,Letalstvo in obramba
"Prologis, Inc",ZDA,PLD,$113.38 B,Nepremičnine,Nepremičnine-industrija
China Merchants Bank,Kitajska,600036,$112.36 B,Finance,Banke-regionalno
CommBank,Avstralija,CBA,$112.01 B,Finance,Banke
Stryker Corporation,ZDA,SYK,$111.71 B,Zdravstvo,Zdravstvene naprave
Keyence,Japonska,6861,$110.54 B,Tehnologija,Znanstveni in tehnični pripomočki
China Life,Kitajska,601628,$109.53 B,Finance,Zdravstveno zavarovanje
Sony,Japonska,6758,$108.36 B,Tehnologija,Potrošniška elektronika
AT&T,ZDA,T,$108.16 B,Komunikacijske storitve,Telekomunikacijske storitve
"The Goldman Sachs Group, Inc",ZDA,GS,$108.16 B,Finance,Kapitalski trgi
Rio Tinto,Združeno kraljestvo,RIO,$108.13 B,Osnovni materiali,Industrijske kovine in rudarstvo
BlackRock,ZDA,BLK,$106.36 B,Finance,Upravljanje sredstev
Schwab,ZDA,SCHW,$106.34 B,Finance,Kapitalski trgi
Deutsche Telekom AG,Nemčija,DTE,$106.00 B,Komunikacijske storitve,Telekomunikacijske storitve
BYD Company,Kitajska,002594,$103.67 B,Potrošniške storitve,Avtomobilska industrija
BP plc,Združeno kraljestvo,BP.,$103.15 B,Energetika,Nafta in plin
Booking Holdings Inc,ZDA,BKNG,$102.80 B,Potrošniške storitve,Potovalne storitve
Open Joint Stock Company OMZ,Rusija,OMZZP,$101.93 B,Industrija,Posebni industrijski stroji
Schneider Electric SE,Francija,SU,$99.62 B,Industrija,Posebni industrijski stroji
"Analog Devices, Inc",ZDA,ADI,$99.42 B,Tehnologija,Polprevodniki
Elevance Health,ZDA,ELV,$98.98 B,Zdravstvo,Zdravstveno zavarovanje
China Petroleum & Chemical Corporation,Kitajska,600028,$98.53 B,Energetika,Nafta in plin
Meituan,Kitajska,3690,$97.17 B,Potrošniške storitve,Internetna maloprodaja
Diageo plc,Združeno kraljestvo,DGE,$97.08 B,Osnovne potrebščine,Vinarne in destilarne
"Mondelez International, Inc",ZDA,MDLZ,$96.54 B,Osnovne potrebščine,Slaščičarstvo
Nippon Telegraph & Telephone Corp,Japonska,9432,$96.28 B,Komunikacijske storitve,Telekomunikacijske storitve
"The TJX Companies, Inc",ZDA,TJX,$95.89 B,Potrošniške storitve,Trgovina z oblačili
Pinduoduo,Kitajska,PDD,$95.59 B,Potrošniške storitve,Internetna maloprodaja
"Gilead Sciences, Inc",ZDA,GILD,$95.27 B,Zdravstvo,Zdravila
"Automatic Data Processing, Inc",ZDA,ADP,$93.52 B,Industrija,Zaposlitvene storitve
"Marsh & McLennan Companies, Inc",ZDA,MMC,$92.44 B,Finance,Zavarovalni posredniki
Air Liquide SA,Francija,AI,$91.66 B,Osnovni materiali,Kemikalije
CVS Health,ZDA,CVS,$91.37 B,Zdravstvo,Zdravstveno zavarovanje
Allianz SE,Nemčija,ALV,$91.36 B,Finance,Zavarovanje-diverzificirano
American Tower,ZDA,AMT,$90.69 B,Nepremičnine,Nepremičnine-posebnosti
Citigroup Inc,ZDA,C,$90.58 B,Finance,Banke
Vertex Pharmaceuticals Incorporated,ZDA,VRTX,$88.79 B,Zdravstvo,Biotehnologija
Petróleo Brasileiro SA - Petrobras,Brazilija,PBR,$88.47 B,Energetika,Nafta in plin
Equinor ASA,Norveška,EQNR,$88.46 B,Energetika,Nafta in plin
"Mitsubishi UFJ Financial Group, Inc",Japonska,8306,$87.63 B,Finance,Banke
"Uber Technologies, Inc",ZDA,UBER,$87.16 B,Tehnologija,Programska oprema
"Airbnb, Inc",ZDA,ABNB,$86.69 B,Komunikacijske storitve,Internetne vsebine in informacije
Lam Research Corporation,ZDA,LRCX,$85.60 B,Tehnologija,Polprevodniška oprema in materiali
CSL Limited,Avstralija,CSL,$85.00 B,Zdravstvo,Biotehnologija
Mercedes-Benz Group AG,Nemčija,MBG,$84.94 B,Potrošniške storitve,Avtomobilska industrija
Marinomed Biotech AG,Avstrija,MBG,$84.73 B,Zdravstvo,Biotehnologija
EssilorLuxottica SA,Francija,EL,$84.47 B,Zdravstvo,Medicinski instrumenti in pripomočki
Schlumberger Limited,ZDA,SLB,$84.30 B,Energetika,Oprema in storitve za nafto in plin
Cigna Corporation,ZDA,CI,$83.36 B,Zdravstvo,Zdravstveno zavarovanje
"Altria Group, Inc",ZDA,MO,$81.36 B,Osnovne potrebščine,Tobak
"HCA Healthcare, Inc",ZDA,HCA,$81.07 B,Zdravstvo,Zdravstvene ustanove
ICICI Bank Limited,Indija,IBN,$80.63 B,Finance,Banke-regionalno
Eaton Corporation plc,Irska,ETN,$80.52 B,Industrija,Posebni industrijski stroji
PayPal,ZDA,PYPL,$80.04 B,Finance,Kreditne storitve
Shopify,Kanada,SHOP,$79.57 B,Tehnologija,Programska oprema
Chubb Limited,Švica,CB,$79.57 B,Finance,Zavarovanje premoženja in nezgod
"Regeneron Pharmaceuticals, Inc",ZDA,REGN,$78.88 B,Zdravstvo,Biotehnologija
"Fiserv, Inc",ZDA,FI,$78.86 B,Tehnologija,Storitve informacijske tehnologije
Zoetis Inc,ZDA,ZTS,$78.54 B,Zdravstvo,Proizvajalci zdravil 
The Progressive Corporation,ZDA,PGR,$78.02 B,Finance,Zavarovanje premoženja in nezgod
CNOOC Limited,Hong Kong,0883,$77.99 B,Energetika,Nafta in plin E&P
Volkswagen,Nemčija,VOW,$77.55 B,Potrošniške storitve,Avtomobilska industrija
Al Rajhi Banking and Investment Corp,Savdska Arabija,1120,$77.53 B,Finance,Banke-regionalno
The Southern Company,ZDA,SO,$77.43 B,Javna služba,Komunala-elektrika
Bayerische Motoren Werke AG,Nemčija,BMWB,$77.25 B,Potrošniške storitve,Avtomobilska industrija
Illinois Tool Works Inc,ZDA,ITW,$77.21 B,Industrija,Posebni industrijski stroji
"Iberdrola, SA",Španija,IBE,$76.57 B,Javna služba,Komunala-razno
"Palo Alto Networks, Inc",ZDA,PANW,$76.53 B,Tehnologija,Programska oprema
Canadian National Railway Company,Kanada,CNR,$76.50 B,Industrija,Železnice
Boston Scientific Corporation,ZDA,BSX,$75.41 B,Zdravstvo,Zdravstvene naprave
BNP Paribas SA,Francija,BNP,$74.97 B,Finance,Banke-regionalno
China Shenhua Energy Company Ltd,Kitajska,601088,$74.91 B,Energetika,Premog
Enbridge Inc,Kanada,ENB,$74.47 B,Energetika,Nafta in plin-vmesni proces
China Yangtze Power Co Ltd,Kitajska,600900,$74.21 B,Javna služba,Komunala-električna energija
Glencore plc,Švica,GLEN,$74.02 B,Osnovni materiali,Industrijske kovine in rudarstvo
PT Bank Central Asia Tbk,Indonezija,BBCA,$73.97 B,Finance,Banke-regionalno
Canadian Pacific Railway Limited,Kanada,CP,$73.67 B,Industrija,Železnice
"Becton, Dickinson and Company",ZDA,BDX,$73.65 B,Zdravstvo,Medicinski instrumenti in pripomočki
"Equinix, Inc (REIT)",ZDA,EQIX,$73.61 B,Nepremičnine,Nepremičnine-posebnosti
Fast Retailing Co Ltd,Japonska,9983,$73.57 B,Potrošniške storitve,Trgovina z oblačili
"EOG Resources, Inc",ZDA,EOG,$73.54 B,Energetika,Nafta in plin E&P
British American Tobacco plc,Združeno kraljestvo,BATS,$73.43 B,Osnovne potrebščine,Tobak
"América Móvil, SAB de CV",Mehika,AMXA,$72.38 B,Komunikacijske storitve,Telekomunikacijske storitve
GlaxoSmithKline plc,Združeno kraljestvo,GSK,$72.32 B,Zdravstvo,Zdravila
"Micron Technology, Inc",ZDA,MU,$71.43 B,Tehnologija,Polprevodniki
Saudi Basic Industries Corp,Savdska Arabija,2010,$70.78 B,Osnovni materiali,Kemikalije
"Activision Blizzard, Inc",ZDA,ATVI,$70.75 B,Komunikacijske storitve,Elektronske igre in multimedija
MERCK Kommanditgesellschaft auf Aktien,Nemčija,MRK,$70.69 B,Zdravstvo,Proizvajalci zdravil 
China Telecom Corp Ltd,Hong Kong,0728,$70.55 B,Komunikacijske storitve,Telekomunikacijske storitve
Wal-Mart de Mexico SAB de CV,Mehika,WALMEX,$70.43 B,Osnovne potrebščine,Trgovine s popusti
Kering SA,Francija,KER,$70.06 B,Potrošniške storitve,Luksuzne dobrine
Duke Energy Corporation,ZDA,DUK,$70.04 B,Javna služba,Komunala-elektrika
Northrop Grumman Corporation,ZDA,NOC,$69.97 B,Industrija,Letalstvo in obramba
ABB Ltd,Švica,ABBN,$69.94 B,Industrija,Električna oprema in deli
Enel SpA,Italija,ENEL,$69.76 B,Javna služba,Komunala-razno
Infosys Limited,Indija,INFY,$69.48 B,Tehnologija,Storitve informacijske tehnologije
"Waste Management, Inc",ZDA,WM,$69.32 B,Industrija,Ravnanje z odpadki
Aon Plc,Združeno kraljestvo,AON,$69.28 B,Finance,Zavarovalni posredniki
The Estée Lauder Companies Inc,ZDA,EL,$68.93 B,Osnovne potrebščine,Gospodinjski in osebni izdelki
SoftBank Group Corp,Japonska,9984,$68.48 B,Komunikacijske storitve,Telekomunikacijske storitve
CSX Corporation,ZDA,CSX,$68.17 B,Industrija,Železnice
The Sherwin-Williams Company,ZDA,SHW,$68.01 B,Osnovni materiali,Specializirane kemikalije
Mitsubishi Corp,Japonska,8058,$67.74 B,Industrija,Konglomerati
Zurich Insurance Group AG,Švica,ZURN,$67.60 B,Finance,Zavarovanje-diverzificirano
FedEx Corporation,ZDA,FDX,$67.51 B,Industrija,Tovorni promet in logistika
"Synopsys, Inc",ZDA,SNPS,$67.26 B,Tehnologija,Programska oprema
Vinci SA,Francija,DG,$66.64 B,Industrija,Inženirstvo in gradbeništvo
Foxconn Industrial Internet Co Ltd,Kitajska,601138,$66.39 B,Tehnologija,Komunikaciska oprema
AXA SA,Francija,CS,$65.75 B,Finance,Zavarovanje-diverzificirano
Safran SA,Francija,SAF,$65.63 B,Industrija,Letalstvo in obramba
CME Group Inc,ZDA,CME,$65.59 B,Finance,Finančni podatki in borze
Tokyo Electron Ltd,Japonska,8035,$65.27 B,Tehnologija,Polprevodniška oprema in materiali
Atlas Copco AB,Švedska,ATCO.A,$65.14 B,Industrija,Posebni industrijski stroji
Bank of Montreal,Kanada,BMO,$64.98 B,Finance,Banke
UBS Group AG,Švica,UBSG,$64.19 B,Finance,Banke
"Air Products and Chemicals, Inc",ZDA,APD,$64.12 B,Osnovni materiali,Kemikalije
Shin-Etsu Chemical Co Ltd,Japonska,4063,$64.07 B,Osnovni materiali,Kemikalije
"Intercontinental Exchange, Inc",ZDA,ICE,$64.05 B,Finance,Finančni podatki in borze
KDDI Corp,Japonska,9433,$63.33 B,Komunikacijske storitve,Telekomunikacijske storitve
KKR & Co Inc,ZDA,KKR,$63.31 B,Finance,Upravljanje sredstev
"Cadence Design Systems, Inc",ZDA,CDNS,$63.25 B,Tehnologija,Programska oprema
"SK hynix, Inc",Južna Koreja,000660,$63.23 B,Tehnologija,Polprevodniki
Oriental Land Co Ltd,Japonska,4661,$63.19 B,Potrošniške storitve,Prosti čas
KLA Corporation,ZDA,KLAC,$63.04 B,Tehnologija,Polprevodniška oprema in materiali
"NetEase, Inc",Kitajska,9999,$63.00 B,Komunikacijske storitve,Internetne vsebine in informacije
Siemens Healthineers AG,Nemčija,SHL,$62.71 B,Zdravstvo,Diagnostika in raziskave
Colgate-Palmolive Company,ZDA,CL,$62.52 B,Osnovne potrebščine,Gospodinjski in osebni izdelki
"Banco Santander, SA",Španija,SAN,$62.40 B,Finance,Banke
Moody's Corporation,ZDA,MCO,$62.28 B,Finance,Finančni podatki in borze
RELX plc,Združeno kraljestvo,REL,$62.21 B,Komunikacijske storitve,Založništvo
Canadian Natural Resources Limited,Kanada,CNQ,$62.14 B,Energetika,Nafta in plin E&P
Vale SA,Brazilija,VALE3,$61.99 B,Osnovni materiali,Industrijske kovine in rudarstvo
"VMware, Inc",ZDA,VMW,$61.80 B,Tehnologija,Programska oprema
Nongfu Spring Co Ltd,Kitajska,9633,$61.35 B,Osnovne potrebščine,Brezalkoholne pijače
Ford Motor Company,ZDA,F,$60.91 B,Potrošniške storitve,Avtomobilska industrija
DBS Group Holdings Ltd,Singapur,D05,$60.78 B,Finance,Banke-regionalno
Target Corporation,ZDA,TGT,$60.56 B,Osnovne potrebščine,Trgovine s popusti
"Conversion Labs, Inc",ZDA,CVLB,$60.45 B,Zdravstvo,Farmacevtski trgovci na drobno
General Dynamics Corporation,ZDA,GD,$60.39 B,Industrija,Letalstvo in obramba
Heineken NV,Nizozemska,HEIA,$60.26 B,Osnovne potrebščine,Pijače-pivovarji
Saudi Telecom Company,Savdska Arabija,7010,$59.84 B,Komunikacijske storitve,Telekomunikacijske storitve
Sberbank,Rusija,SBER,$59.14 B,Finance,Banke-regionalno
The Saudi National Bank,Savdska Arabija,1180,$58.98 B,Finance,Banke-regionalno
M Company,ZDA,MMM,$58.96 B,Industrija,Posebni industrijski stroji
"O'Reilly Automotive, Inc",ZDA,ORLY,$58.90 B,Potrošniške storitve,Posebna maloprodaja
Thomson Reuters Corporation,Kanada,TRI,$58.79 B,Industrija,Svetovalne storitve 
"Fortinet, Inc",ZDA,FTNT,$58.64 B,Tehnologija,Programska oprema
"Workday, Inc",ZDA,WDAY,$58.45 B,Tehnologija,Programska oprema
Dassault Systèmes SE,Francija,DSY,$58.41 B,Tehnologija,Programska oprema
Freeport-McMoRan Inc,ZDA,FCX,$58.38 B,Osnovni materiali,Baker
Enterprise Products Partners LP,ZDA,EPD,$58.32 B,Energetika,Nafta in plin-vmesni proces
"Daikin Industries,Ltd",Japonska,6367,$58.19 B,Industrija,Gradbeni izdelki in oprema
Monster Beverage Corporation,ZDA,MNST,$58.12 B,Osnovne potrebščine,Brezalkoholne pijače
"Marriott International, Inc",ZDA,MAR,$58.12 B,Potrošniške storitve,Prenočišča
Bank of Nova Scotia,Kanada,BNS,$58.09 B,Finance,Banke
"Sumitomo Mitsui Financial Group, Inc",Japonska,8316,$58.00 B,Finance,Banke
DHL Group,Nemčija,DHL,$57.95 B,Industrija,Tovorni promet in logistika
Charter Communications,ZDA,CHTR,$57.25 B,Komunikacijske storitve,Zabava
Hitachi Ltd,Japonska,6501,$57.20 B,Industrija,Konglomerati
Itaú Unibanco Holding SA,Brazilija,ITUB,$57.13 B,Finance,Banke-regionalno
Southern Copper Corporation,ZDA,SCCO,$57.11 B,Osnovni materiali,Baker
"MercadoLibre, Inc",Argentina,MELI,$57.09 B,Potrošniške storitve,Internetna maloprodaja
Snowflake Inc,ZDA,SNOW,$56.94 B,Tehnologija,Programska oprema
Occidental Petroleum Corporation,ZDA,OXY,$56.83 B,Energetika,Nafta in plin E&P
"Chipotle Mexican Grill, Inc",ZDA,CMG,$56.64 B,Potrošniške storitve,Restavracije
Ferrari NV,Italija,RACE,$56.49 B,Potrošniške storitve,Avtomobilska industrija
Edwards Lifesciences Corporation,ZDA,EW,$56.44 B,Zdravstvo,Zdravstvene naprave
London Stock Exchange Group plc,Združeno kraljestvo,LSEG,$56.39 B,Finance,Finančni podatki in borze
McKesson Corporation,ZDA,MCK,$56.07 B,Zdravstvo,Medicinska distribucija
JDcom,Kitajska,9618,$56.03 B,Potrošniške storitve,Internetna maloprodaja
Pernod Ricard SA,Francija,RI,$55.93 B,Osnovne potrebščine,Vinarne in destilarne
NXP Semiconductors NV,Nizozemska,NXPI,$55.59 B,Tehnologija,Polprevodniki
ITOCHU Corp,Japonska,8001,$55.53 B,Industrija,Konglomerati
Marvell Technology Group Ltd,Bermuda,MRVL,$55.19 B,Tehnologija,Polprevodniki
National Australia Bank Limited,Avstralija,NAB,$55.10 B,Finance,Banke
General Motors Company,ZDA,GM,$55.08 B,Potrošniške storitve,Avtomobilska industrija
Stellantis NV,Nizozemska,STLA,$54.83 B,Potrošniške storitve,Avtomobilska industrija
Humana Inc,ZDA,HUM,$54.63 B,Zdravstvo,Zdravstveno zavarovanje
EDF,Francija,EDF,$54.60 B,Javna služba,Komunala-razno
Mitsui & Co Ltd,Japonska,8031,$54.39 B,Energetika,Nafta in plin E&P
Reckitt Benckiser Group plc,Združeno kraljestvo,RKT,$54.28 B,Osnovne potrebščine,Gospodinjski in osebni izdelki
Bayer AG,Nemčija,BAYN,$53.38 B,Zdravstvo,Zdravila
"Marvell Technology, Inc",ZDA,9MW,$53.01 B,Tehnologija,Polprevodniki
Daiichi Sankyo Company Ltd,Japonska,4568,$52.95 B,Zdravstvo,Zdravila
Norfolk Southern Corporation,ZDA,NSC,$52.83 B,Industrija,Železnice
PT Bank Rakyat Indonesia (Persero) Tbk,Indonezija,BYRA,$52.77 B,Finance,Banke-regionalno
Emerson Electric Co,ZDA,EMR,$52.76 B,Industrija,Posebni industrijski stroji
Public Storage,ZDA,PSA,$52.62 B,Nepremičnine,Nepremičnine-industrija
Ecolab Inc,ZDA,ECL,$52.58 B,Osnovni materiali,Specializirane kemikalije
"Nesco Holdings, Inc",ZDA,NSCO,$52.43 B,Industrija,Storitve najema in zakupa
"Arista Networks, Inc",ZDA,ANET,$51.97 B,Tehnologija,Računalniška strojna oprema
Parker-Hannifin Corporation,ZDA,PH,$51.69 B,Industrija,Posebni industrijski stroji
US Bancorp,ZDA,USB,$51.64 B,Finance,Banke-regionalno
Marathon Petroleum Corporation,ZDA,MPC,$51.62 B,Energetika,Rafiniranje nafte in plina
Brookfield Corporation,Kanada,BN,$51.56 B,Finance,Upravljanje sredstev
"Roper Technologies, Inc",ZDA,ROP,$51.41 B,Industrija,Posebni industrijski stroji
Rosneft Oil Co PJSC,Rusija,ROSN,$51.30 B,Energetika,Nafta in plin
Bank of Communications Co Ltd,Kitajska,601328,$51.18 B,Finance,Banke
Rational AG,Nemčija,RAA,$50.80 B,Industrija,Industrijska distribucija
Adyen NV,Nizozemska,ADYEN,$50.63 B,Tehnologija,Programska oprema
"The PNC Financial Services Group, Inc",ZDA,PNC,$50.56 B,Finance,Banke-regionalno
Amphenol Corporation,ZDA,APH,$50.52 B,Tehnologija,Elektronske komponente
Cintas Corporation,ZDA,CTAS,$50.49 B,Industrija,Posebne poslovne storitve
Nintendo Co Ltd,Japonska,7974,$50.47 B,Komunikacijske storitve,Elektronske igre in multimedija
Infineon Technologies AG,Nemčija,IFXA,$50.42 B,Tehnologija,Polprevodniki
Atlassian Corporation Plc,Avstralija,TEAM,$50.35 B,Tehnologija,Programska oprema
Crown Castle International Corp (REIT),ZDA,CCI,$50.28 B,Nepremičnine,Nepremičnine-posebnosti
Munich Re,Nemčija,MUV2,$49.87 B,Finance,Zavarovanje-pozavarovanje
"Motorola Solutions, Inc",ZDA,MSI,$49.85 B,Tehnologija,Komunikaciska oprema
Pioneer Natural Resources Company,ZDA,PXD,$49.82 B,Energetika,Nafta in plin E&P
"Baidu, Inc",Kitajska,9888,$49.68 B,Komunikacijske storitve,Internetne vsebine in informacije
Novatek PJSC,Rusija,NVTK,$49.34 B,Energetika,Nafta in plin E&P
Eni SpA,Italija,ENI,$49.27 B,Energetika,Nafta in plin
Shenzhen Mindray Bio-Medical Electronics Co Ltd,Kitajska,300760,$49.16 B,Zdravstvo,Zdravstvene naprave
"DexCom, Inc",ZDA,DXCM,$49.13 B,Zdravstvo,Diagnostika in raziskave
Recruit Holdings Co Ltd,Japonska,6098,$49.11 B,Industrija,Zaposlitvene storitve
National Grid plc,Združeno kraljestvo,NG.,$49.06 B,Javna služba,Komunala-razno
Hong Kong Exchanges & Clearing Ltd,Hong Kong,0388,$49.05 B,Finance,Finančni podatki in borze
Compass Group plc,Združeno kraljestvo,CPG,$48.95 B,Potrošniške storitve,Restavracije
"Republic Services, Inc",ZDA,RSG,$48.88 B,Industrija,Ravnanje z odpadki
The Hershey Company,ZDA,HSY,$48.75 B,Osnovne potrebščine,Slaščičarstvo
ING Groep NV,Nizozemska,INGA,$48.72 B,Finance,Banke
Intesa Sanpaolo SpA,Italija,ISP,$48.67 B,Finance,Banke-regionalno
Westpac Banking Corporation,Avstralija,WBC,$48.65 B,Finance,Banke
TransDigm Group Incorporated,ZDA,TDG,$48.48 B,Industrija,Letalstvo in obramba
Alimentation Couche-Tard Inc,Kanada,ATD,$48.24 B,Osnovne potrebščine,Trgovine z živili
Lululemon Athletica Inc,Kanada,LULU,$48.23 B,Potrošniške storitve,Trgovina z oblačili
Microchip Technology Incorporated,ZDA,MCHP,$48.21 B,Tehnologija,Polprevodniki
Ambev SA,Brazilija,ABEV3,$48.10 B,Osnovne potrebščine,Pijače-pivovarji
"Honda Motor Co, Ltd",Japonska,7267,$48.01 B,Potrošniške storitve,Avtomobilska industrija
DENSO Corp,Japonska,6902,$47.71 B,Potrošniške storitve,Avtomobilski deli
Australia and New Zealand Banking Group Limited,Avstralija,ANZ,$47.56 B,Finance,Banke
Sempra Energy,ZDA,SRE,$47.46 B,Javna služba,Komunala-razno
"AutoZone, Inc",ZDA,AZO,$47.45 B,Potrošniške storitve,Posebna maloprodaja
Porsche,Nemčija,P911,$47.33 B,Potrošniške storitve,Avtomobilska industrija
"AgriBank, FCB",ZDA,AGRIP,$47.27 B,Finance,Kreditne storitve
Fortescue Metals Group Limited,Avstralija,FMG,$47.27 B,Osnovni materiali,Industrijske kovine in rudarstvo
Johnson Controls International plc,Irska,JCI,$47.09 B,Industrija,Inženirstvo in gradbeništvo
"MetLife, Inc",ZDA,MET,$46.76 B,Finance,Zdravstveno zavarovanje
Hon Hai Precision Industry Co Ltd,Tajvan,2317,$46.70 B,Tehnologija,Elektronske komponente
Takeda Pharmaceutical Company Limited,Japonska,4502,$46.59 B,Zdravstvo,Proizvajalci zdravil 
Sempra,ZDA,SE4,$46.56 B,Javna služba,Komunala-razno
"Moderna, Inc",ZDA,MRNA,$46.56 B,Zdravstvo,Biotehnologija
PACCAR Inc,ZDA,PCAR,$46.52 B,Industrija,Kmetijski in težki gradbeni stroji
Arthur J Gallagher & Co,ZDA,AJG,$46.35 B,Finance,Zavarovalni posredniki
STMicroelectronics NV,Švica,STM,$46.34 B,Tehnologija,Polprevodniki
Uniper SE,Nemčija,UN01,$46.21 B,Javna služba,Komunala-električna energija
"Simon Property Group, Inc",ZDA,SPG,$46.19 B,Nepremičnine,REIT-maloprodaja
"Constellation Brands, Inc",ZDA,STZ.B,$46.05 B,Osnovne potrebščine,Vinarne in destilarne
Kimberly-Clark Corporation,ZDA,KMB,$45.63 B,Osnovne potrebščine,Gospodinjski in osebni izdelki
"Autodesk, Inc",ZDA,ADSK,$45.32 B,Tehnologija,Programska oprema
DSV PANALPINA A-S,Danska,DSV,$45.00 B,Industrija,Tovorni promet in logistika
"Banco Bilbao Vizcaya Argentaria, SA",Španija,BBVA,$44.89 B,Finance,Banke
"Tokio Marine Holdings, Inc",Japonska,8766,$44.82 B,Finance,Zavarovanje premoženja in nezgod
PacifiCorp,ZDA,PPWLM,$44.59 B,Javna služba,Komunala-razno
"Dominion Energy, Inc",ZDA,D,$44.40 B,Javna služba,Komunala-razno
BASF SE,Nemčija,BAS,$44.37 B,Osnovni materiali,Kemikalije
TE Connectivity Ltd,Švica,TEL,$44.37 B,Tehnologija,Elektronske komponente
Industrial Bank Co Ltd,Kitajska,601166,$44.33 B,Finance,Banke-regionalno
"American Electric Power Company, Inc",ZDA,AEP,$44.29 B,Javna služba,Komunala-elektrika
Carrier Global Corporation,ZDA,CARR,$44.25 B,Industrija,Gradbeni izdelki in oprema
Macquarie Group Limited,Avstralija,MQG,$44.11 B,Finance,Kapitalski trgi
ON Semiconductor Corporation,ZDA,ON,$44.07 B,Tehnologija,Polprevodniki
Keurig Dr Pepper Inc,ZDA,KDP,$44.06 B,Osnovne potrebščine,Brezalkoholne pijače
"General Mills, Inc",ZDA,GIS,$44.02 B,Osnovne potrebščine,Pakirana živila
Chugai Pharmaceutical Co Ltd,Japonska,4519,$43.85 B,Zdravstvo,Zdravila
Trane Technologies plc,Irska,TT,$43.84 B,Industrija,Posebni industrijski stroji
Phillips,ZDA,PSX,$43.77 B,Energetika,Rafiniranje nafte in plina
The Kraft Heinz Company,ZDA,KHC,$43.76 B,Osnovne potrebščine,Pakirana živila
BlackRock Municipal Bond Trust,ZDA,BBK,$43.76 B,Finance,Upravljanje sredstev
Hess Corporation,ZDA,HES,$43.74 B,Energetika,Nafta in plin E&P
Lonza Group Ltd,Švica,LONN,$43.73 B,Zdravstvo,Diagnostika in raziskave
"Copart, Inc",ZDA,CPRT,$43.24 B,Industrija,Posebne poslovne storitve
Archer-Daniels-Midland Company,ZDA,ADM,$43.12 B,Osnovne potrebščine,Kmetijski izdelki
"Block, Inc",ZDA,SQ,$43.04 B,Tehnologija,Programska oprema
Woodside Energy Group Ltd,Avstralija,WDS,$43.01 B,Energetika,Nafta in plin E&P
Saudi Arabian Mining Company,Savdska Arabija,1211,$42.91 B,Osnovni materiali,Industrijske kovine in rudarstvo
Capital One Financial Corporation,ZDA,COF,$42.84 B,Finance,Kreditne storitve
"IDEXX Laboratories, Inc",ZDA,IDXX,$42.74 B,Zdravstvo,Diagnostika in raziskave
"American International Group, Inc",ZDA,AIG,$42.61 B,Finance,Zavarovanje-diverzificirano
Aflac Incorporated,ZDA,AFL,$42.60 B,Finance,Zdravstveno zavarovanje
"Paychex, Inc",ZDA,PAYX,$42.59 B,Industrija,Zaposlitvene storitve
UniCredit SpA,Italija,UCG,$42.46 B,Finance,Banke-regionalno
Jiangsu Hengrui Medicine Co Ltd,Kitajska,600276,$42.42 B,Zdravstvo,Zdravila
Sika AG,Švica,SIKA,$42.30 B,Osnovni materiali,Specializirane kemikalije
Nucor Corporation,ZDA,NUE,$42.29 B,Osnovni materiali,Jeklo
Zijin Mining Group Co Ltd,Kitajska,601899,$42.17 B,Osnovni materiali,Zlato
AH Belo Corporation,ZDA,AHC,$41.99 B,Komunikacijske storitve,Založništvo
Constellation Software Inc,Kanada,CSU,$41.98 B,Tehnologija,Programska oprema
Las Vegas Sands Corp,ZDA,LVS,$41.85 B,Potrošniške storitve,Letovišča in igralnice
PG&E Corporation,ZDA,PCG,$41.59 B,Javna služba,Komunala-elektrika
CRH plc,Irska,CRH,$41.56 B,Osnovni materiali,Gradbeni materiali
Realty Income Corporation,ZDA,O,$41.54 B,Nepremičnine,REIT-maloprodaja
Exelon Corporation,ZDA,EXC,$41.49 B,Javna služba,Komunala-razno
"Old Dominion Freight Line, Inc",ZDA,ODFL,$41.45 B,Industrija,Tovorni promet
Hapag-Lloyd AG,Nemčija,HLAG,$41.29 B,Industrija,Pomorski promet
Energy Transfer LP,ZDA,ET,$41.15 B,Energetika,Nafta in plin-vmesni proces
Truist Financial Corporation,ZDA,TFC,$41.07 B,Finance,Banke-regionalno
Valero Energy Corporation,ZDA,VLO,$40.87 B,Energetika,Rafiniranje nafte in plina
Banque Nationale de Belgique,Indonezija,BNB,$40.85 B,Energetika,Premog
General Accident plc,Združeno kraljestvo,GACA,$40.80 B,Finance,Zavarovanje premoženja in nezgod
"DR Horton, Inc",ZDA,DHI,$40.73 B,Potrošniške storitve,Stanovanjska gradnja
"Corteva, Inc",ZDA,CTVA,$40.69 B,Osnovni materiali,Agricultural Inputs
Biogen Inc,ZDA,BIIB,$40.52 B,Zdravstvo,Zdravila
"Samsung Biologics Co,Ltd",Južna Koreja,207940,$40.45 B,Zdravstvo,Biotehnologija
Oversea-Chinese Banking Corp Ltd,Singapur,O39,$40.38 B,Finance,Banke-regionalno
BCE Inc,Kanada,BCE,$40.37 B,Komunikacijske storitve,Telekomunikacijske storitve
AB Volvo,Švedska,VOL4,$40.35 B,Industrija,Kmetijski in težki gradbeni stroji
IQVIA Holdings Inc,ZDA,IQV,$40.23 B,Zdravstvo,Diagnostika in raziskave
Alcon Inc,Švica,ALC,$40.22 B,Zdravstvo,Medicinski instrumenti in pripomočki
Hilton Worldwide Holdings Inc,ZDA,HLT,$40.19 B,Potrošniške storitve,Prenočišča
PJSC Lukoil,Rusija,LKOH,$40.13 B,Energetika,Nafta in plin
"The Travelers Companies, Inc",ZDA,TRV,$40.11 B,Finance,Zavarovanje premoženja in nezgod
HOYA Corp,Japonska,7741,$39.96 B,Zdravstvo,Medicinski instrumenti in pripomočki
Welltower Inc,ZDA,WELL,$39.86 B,Nepremičnine,REIT—Healthcare Facilities
Engie SA,Francija,ENGI,$39.78 B,Javna služba,Komunala-razno
Danone SA,Francija,BN,$39.62 B,Osnovne potrebščine,Pakirana živila
MSCI Inc,ZDA,MSCI,$39.47 B,Finance,Finančni podatki in borze
Prudential plc,Združeno kraljestvo,PRU,$39.46 B,Finance,Zdravstveno zavarovanje
"The Williams Companies, Inc",ZDA,WMB,$39.44 B,Energetika,Nafta in plin-vmesni proces
TC Energy Corporation,Kanada,TRP,$39.44 B,Energetika,Nafta in plin-vmesni proces
Dell Technologies Inc,ZDA,DELL,$39.39 B,Tehnologija,Računalniška strojna oprema
"Rockwell Automation, Inc",ZDA,ROK,$39.35 B,Industrija,Posebni industrijski stroji
CITIC Securities Company Ltd,Kitajska,600030,$39.23 B,Finance,Kapitalski trgi
AmerisourceBergen Corporation,ZDA,ABC,$39.09 B,Zdravstvo,Medicinska distribucija
"WW Grainger, Inc",ZDA,GWW,$38.94 B,Industrija,Industrijska distribucija
"Mizuho Financial Group, Inc",Japonska,8411,$38.93 B,Finance,Banke-regionalno
Suncor Energy Inc,Kanada,SU,$38.88 B,Energetika,Nafta in plin
"Kinder Morgan, Inc",ZDA,KMI,$38.79 B,Energetika,Nafta in plin-vmesni proces
Wanhua Chemical Group Co Ltd,Kitajska,600309,$38.74 B,Osnovni materiali,Kemikalije
Grupo Mexico SAB de CV,Mehika,GMEXICOB,$38.73 B,Osnovni materiali,Industrijske kovine in rudarstvo
Anglo American plc,Združeno kraljestvo,AAL,$38.56 B,Osnovni materiali,Industrijske kovine in rudarstvo
"Cheniere Energy, Inc",ZDA,LNG,$38.54 B,Energetika,Nafta in plin-vmesni proces
FEMSA,Mehika,FEMSAUBD,$38.53 B,Osnovne potrebščine,Pijače-pivovarji
Canadian Imperial Bank of Commerce,Kanada,CM,$38.53 B,Finance,Banke
"Ross Stores, Inc",ZDA,ROST,$38.50 B,Potrošniške storitve,Trgovina z oblačili
Dow Inc,ZDA,DOW,$38.28 B,Osnovni materiali,Kemikalije
Palantir Technologies Inc,ZDA,PLTR,$38.24 B,Tehnologija,Programska oprema
"Yum! Brands, Inc",ZDA,YUM,$38.04 B,Potrošniške storitve,Restavracije
Haleon plc,Združeno kraljestvo,HLN,$37.99 B,Zdravstvo,Proizvajalci zdravil 
Sysco Corporation,ZDA,SYY,$37.71 B,Osnovne potrebščine,Food Distribution
"Beijing-Shanghai High-Speed Railway Co,Ltd",Kitajska,601816,$37.64 B,Industrija,Železnice
GE HealthCare,ZDA,GEHC,$37.42 B,Zdravstvo,Health Information Services
"LHarris Technologies, Inc",ZDA,LHX,$37.40 B,Industrija,Letalstvo in obramba
"Japan Tobacco, Inc",Japonska,2914,$37.36 B,Osnovne potrebščine,Tobak
Flutter Entertainment plc,Irska,FLTR,$37.28 B,Potrošniške storitve,Gambling
Dollar General Corporation,ZDA,DG,$37.28 B,Osnovne potrebščine,Trgovine s popusti
Centene Corporation,ZDA,CNC,$37.19 B,Zdravstvo,Zdravstveno zavarovanje
"Apollo Global Management, Inc",ZDA,APO,$37.10 B,Finance,Upravljanje sredstev
Lloyds Banking Group plc,Združeno kraljestvo,LLOY,$37.06 B,Finance,Banke-regionalno
"The Trade Desk, Inc",ZDA,TTD,$37.02 B,Tehnologija,Programska oprema
Wesfarmers Limited,Avstralija,WES,$36.82 B,Potrošniške storitve,Oprema za dom
Seven & i Holdings Co Ltd,Japonska,3382,$36.71 B,Osnovne potrebščine,Trgovine z živili
Seagen Inc,ZDA,SGEN,$36.63 B,Zdravstvo,Biotehnologija
Romande Energie Holding SA,Švica,HREN,$36.56 B,Javna služba,Utilities—Renewable
"AMETEK, Inc",ZDA,AME,$36.32 B,Industrija,Posebni industrijski stroji
Cummins Inc,ZDA,CMI,$36.31 B,Industrija,Posebni industrijski stroji
Experian plc,Irska,EXPN,$36.31 B,Industrija,Svetovalne storitve 
"CoStar Group, Inc",ZDA,CSGP,$36.26 B,Nepremičnine,Real Estate Services
Li Auto Inc,Kitajska,LI,$36.21 B,Potrošniške storitve,Avtomobilska industrija
Otis Worldwide Corporation,ZDA,OTIS,$36.20 B,Industrija,Posebni industrijski stroji
GlobalFoundries Inc,ZDA,GFS,$36.19 B,Tehnologija,Polprevodniki
"PPG Industries, Inc",ZDA,PPG,$36.16 B,Osnovni materiali,Specializirane kemikalije
Sun Hung Kai Properties Ltd,Hong Kong,0016,$36.15 B,Nepremičnine,Real Estate—Development
Naspers Ltd,Južna Afrika,NPN,$36.01 B,Komunikacijske storitve,Internetne vsebine in informacije
Nuveen Pennsylvania Municipal Value Fund,ZDA,NPN,$36.01 B,Finance,Upravljanje sredstev
Crédit Agricole SA,Francija,ACA,$36.01 B,Finance,Banke-regionalno
Kuehne + Nagel International AG,Švica,KNIN,$35.97 B,Industrija,Tovorni promet in logistika
Axis Bank Ltd,Indija,AXISBANK,$35.96 B,Finance,Banke-regionalno
Lennar Corporation,ZDA,LEN,$35.90 B,Potrošniške storitve,Stanovanjska gradnja
"Interactive Brokers Group, Inc",ZDA,IBKR,$35.84 B,Finance,Kapitalski trgi
Delta Electronics,Tajska,DELTA,$35.76 B,Industrija,Električna oprema in deli
"Waste Connections, Inc",ZDA,WCN,$35.70 B,Industrija,Ravnanje z odpadki
"Fidelity National Information Services, Inc",ZDA,FIS,$35.64 B,Tehnologija,Storitve informacijske tehnologije
Sea Limited,Singapur,SE,$35.52 B,Komunikacijske storitve,Elektronske igre in multimedija
The Bank of New York Mellon Corporation,ZDA,BK,$35.46 B,Finance,Upravljanje sredstev
Murata Manufacturing Co Ltd,Japonska,6981,$35.33 B,Tehnologija,Elektronske komponente
Halliburton Company,ZDA,HAL,$35.29 B,Energetika,Oprema in storitve za nafto in plin
BAE Systems plc,Združeno kraljestvo,BA.,$35.27 B,Industrija,Letalstvo in obramba
Electronic Arts Inc,ZDA,EA,$35.16 B,Komunikacijske storitve,Elektronske igre in multimedija
"MediaTek, Inc",Tajvan,2454,$35.04 B,Tehnologija,Polprevodniki
"Ameriprise Financial, Inc",ZDA,AMP,$35.02 B,Finance,Upravljanje sredstev
"Agilent Technologies, Inc",ZDA,A,$35.01 B,Zdravstvo,Diagnostika in raziskave
HP Inc,ZDA,HPQ,$34.99 B,Tehnologija,Računalniška strojna oprema
Newmont Corporation,ZDA,NEM,$34.99 B,Osnovni materiali,Zlato
Xiaomi Corp,Kitajska,1810,$34.71 B,Tehnologija,Potrošniška elektronika
